"from","to","title"
1,12,"from: 1<br>to: 12"
1,5,"from: 1<br>to: 5"
2,6,"from: 2<br>to: 6"
2,3,"from: 2<br>to: 3"
3,14,"from: 3<br>to: 14"
3,3,"from: 3<br>to: 3"
4,14,"from: 4<br>to: 14"
4,15,"from: 4<br>to: 15"
5,13,"from: 5<br>to: 13"
5,3,"from: 5<br>to: 3"
6,7,"from: 6<br>to: 7"
6,13,"from: 6<br>to: 13"
7,1,"from: 7<br>to: 1"
7,10,"from: 7<br>to: 10"
8,1,"from: 8<br>to: 1"
8,13,"from: 8<br>to: 13"
9,5,"from: 9<br>to: 5"
9,13,"from: 9<br>to: 13"
10,8,"from: 10<br>to: 8"
10,2,"from: 10<br>to: 2"
11,3,"from: 11<br>to: 3"
11,12,"from: 11<br>to: 12"
12,8,"from: 12<br>to: 8"
12,3,"from: 12<br>to: 3"
13,15,"from: 13<br>to: 15"
13,1,"from: 13<br>to: 1"
14,5,"from: 14<br>to: 5"
14,11,"from: 14<br>to: 11"
15,3,"from: 15<br>to: 3"
15,16,"from: 15<br>to: 16"
16,12,"from: 16<br>to: 12"
16,14,"from: 16<br>to: 14"
